tool_name;tool_category;tool_link 1;overview 1;tool_description;who 1;who 2;who 3;who 4;key_features 1;key_features 2;key_features 3;key_features 4;use_cases 1;use_cases 2;use_cases 3;use_cases 4;tag 1;tag 2;image 1
CassetteAI;Music;https://cassetteai.com/;Generate royalty-free music tracks.;Copilot Music Creation is an AI-powered tool that utilizes advanced machine learning algorithms based on latent diffus model (LDMS) to generate high-quality, royalty-free music tracks tailored to specific needs and preferences. Musicians of all skill levels can use the easy-to-use interface to input various parameters such as genre, mood, length, and instrument to create a complete track from scratch. The tool's machine learning model is trained on thousands of instrument sound effects, allowing for limitless possibilities in beat creation. The tool also offers a custom AI model and real-time analysis and understanding of music patterns, styles, and trends to generate unique and high-quality beats.;Musicians looking for inspiration;Content creators needing background music;Gamers creating custom game soundtracks;Music teachers seeking educational resources; Music creation.; Royalty-free music tracks.; Tailored to specific needs and preferences.; Easy-to-use interface.; Create background music for videos.; Generate music for podcasts.; Produce original music tracks for commercial use.;;Music;;https://statics.topai.tools/img/tools/cassetteai.webp
SteosVoice;Audio generation;https://cybervoice.io/;Generate high-quality AI voices for audio content.;Steosvoic is an AI tool that offers high-quality neural voice artificial intelligence for various uses. It can be used for creating unique content such as dubbing videos, creating podcasts or generating audio for books, among others. It has over 50 voice options with more than 40,000 users and 25+ hours of audio generated every day. While there are paid plans available, the tool also offers a completely free version with Telegram bot and open technology support for the community. The platform is looking to expand its voice options and language support in the future.;Content creators;Podcasters;Marketers;Business owners; Video dubbing.; Podcast creation.; Audio generation for books.; Over 50 voice options.; Dubbing videos.; Creating podcasts.; Generating audio for books.;;Text-to-Speech;;https://statics.topai.tools/img/tools/steosvoice.webp
AItoZee;AI Assistant;https://app.ecomdimes.com/;Simplifies content creation and boosts productivity.;Aitozee offers a versatile AI toolkit for various creative needs, including AI writing, image generation, coding assistance, transcribing spoken words, and voiceover capabilities. With over 200 AI writer templates and the ability to generate high-quality content tailored to specific needs, Aitozee streamlines content creation processes efficiently. The AI image feature allows users to instantly create visually stunning images using text inputs, while the AI chatbot provides engaging conversational experiences. Aitozee also excels in speech-to-text functionality, enhancing productivity and accessibility.;Content creators;Digital artists;Programmers;Transcriptionists; AI writing.; Image generation.; Coding assistance.; Transcribing spoken words.; Generate engaging blog post content effortlessly using Aitozee's AI writing tool and its library of 200+ templates, allowing for customization and quick creation of high-quality articles tailored to specific niches and audiences.; Transform textual descriptions into visually appealing images with Aitozee's AI image generation feature, enabling users to easily create eye-catching graphics for social media, marketing materials, or presentations without the need for graphic design skills.; Increase productivity and efficiency by transcribing spoken words accurately and swiftly with Aitozee's speech-to-text functionality, facilitating easy note-taking, meeting summaries, and content creation by converting spoken ideas into written text seamlessly.;;AI Assistant;;https://statics.topai.tools/img/tools/aitozee.webp
Unmixr;Text-to-speech;https://unmixr.com/;AI-powered content creation and editing services.;Unmixr is an AI-powered tool with multiple functionalities including text-to-speech, dubbing, chat, and copywriting. It offers various features such as AI chatbot with multiple chat engines, AI image generator, and an AI editor for quickly drafting and rewriting content. With Unmixr, users can easily generate high-quality voiceovers, create stunning images, and transform content formats. It also provides access to over 50 built-in templates for faster idea generation. Additionally, Unmixr enables users to transcribe, translate, and dub audio/video files effortlessly. The tool offers realistic AI voiceover with a wide range of voice styles and accents to choose from. Unmixr is a comprehensive platform that streamlines the content generation process and empowers users to unleash their creativity. It is suitable for content creators, influencers, digital marketers, educators, and entrepreneurs.;Digital content creators;Video editors;Language learners;Translation agencies; Text-to-speech.; Dubbing.; Chat.; Copywriting.; Generate high-quality voiceovers.; Create video dubbings in multiple languages.; Generate audio and video transcripts for content repurposing.;;Text-to-speech;Transcriber;https://statics.topai.tools/img/tools/unmixr.webp
Dupdub;Text-to-speech;https://dupdub.com/?lmref=Xb1YJg;Converts text to realistic speech in 40+ languages and accents.;DupDub is an AI tool that converts text to realistic speech online with a variety of human-like voiceovers in over 40 languages and accents. It offers an ultra-realist and professional AI voiceover that saves time and budget compared to hiring voice actors or recording in a studio. DupDub has a next-generation AI voice studio that simplifies the process with just a few clicks, and it can clone voices from existing brands. It also provides several product tools such as transcript, translate, subtitle alignment, and video download to make the editing process more effective. DupDub offers a 3-day free trial for new users.;Content creators;Voice actors;Language learners;Podcasters; Text to speech conversion.; Multiple human-like voiceovers in over 40 languages and accents.; Ultra-realistic and professional ai voiceover.; Simplifies the process with just a few clicks.; Create voiceovers for videos and podcasts.; Generate audio for e-learning courses.; Automate customer service voice responses.;;Translation;Voice;https://statics.topai.tools/img/tools/dupdub.webp
Narration Box;Text-to-speech;https://narrationbox.com/;Generate realistic speech from text in 75 languages..;Narrat Box is a text-to-speech AI tool that can be used to create voiceovers, narrations, audiobooks, audio pages, audio widgets, and podcasts. It features ultra realistic AI voices in 75 languages and accents, access to a collection of 300 human-like AI narrators, and an upcoming API support. It is a user-friendly tool that allows for control of tone, volume, and aspect of speech catering to everyone, and it is recommended for content creators, podcasters, authors, educators, product managers, marketeers, founders, agencies, and media houses. It also offers distribution and monetization tools for easy sharing and revenue generation.;Content creators;Podcasters;Educators;Language learners; Text-to-speech.; Narrations.; Audiobooks.; Audio widgets.; Create audiobooks and audio pages.; Generate voiceovers for videos and presentations.; Produce podcasts and audio widgets.;;Text-To-Speech;Audio;https://statics.topai.tools/img/tools/narration-box.webp
Vmake Video Enhancer;Video editing;https://vmake.ai/video-enhancer;Enhances video quality to 4K and improves visual aspects..;Vmake AI Video Enhancer Online, a tool that allows you to convert low-quality videos into high resolution, like 4K at 30fps.No signup is needed, simply click and drop to upload or paste the file's URL.You can enhance and upscale old videos by adjusting brightness, contrast, saturation, and sharpness.This tool is perfect for enhancing your brand with vibrant colors and sharp details, leaving a lasting impression and making your brand more credible and trustworthy.You can also showcase your products and services flawlessly, establish a strong brand presence, and stand out from your competitors.Boost engagement and conversions by captivating your audience with high-quality visuals.;Movie studios;Film production companies;Independent filmmakers;Video content creators; Converts low-quality videos into high resolution.; Adjusts brightness, contrast, saturation, and sharpness.; Upscales old videos.;; Enhancing brand credibility with vibrant visuals.; Showcasing products and services videos flawlessly.; Boosting engagement and conversions with high-quality videos.;;Video Editing;;https://statics.topai.tools/img/tools/vmake-video-enhancer.webp
Tokkingheads;Image generation;https://www.tokkingheads.com/;Portrait Life is an AI-powered tool that animates photos with puppets, avatars, and skyboxes, as well as offering concepting features and talking heads. It is owned by Rosebud AI and can be accessed at instantly.io..;"This AI tool called ""Portrait Life"" brings photos to life with instant puppet animation, avatar images, and skyboxes. It also offers concepting features and talking heads. The tool is owned by Rosebud AI and their website is instantly.io.";Digital artists;Animators;Marketing professionals;Educators; Instant puppet animation.; Avatar images.; Skyboxes.; Concepting features.; Create animated avatars.; Bring photos to life with puppet animation.; Concepting and talking head features.;;Avatar;;https://statics.topai.tools/img/tools/tokkingheads.webp
Fineshare FineCam;Video editing;https://www.fineshare.com/finecam/;AI-powered virtual camera for enhanced video.;FineShare FineCam is an AI virtual camera specially designed for video recording and video conferencing. No matter where you are, FineShare FineCam can help you quickly create high-definition videos and provide highly engaging video conferences. FineShare FineCam also offers real-time AI background removal, AI audio enhancer, video enhancement, and smart portrait mode to make your video look better. Besides, FineShare FineCam allows you to use your phone as a high-definition webcam and supports connecting and enhancing other cameras, including digital cameras, DSLR cameras, action cameras, external webcams, or integrated webcams.It lets you share your iPhone screen, application windows, YouTube videos, webpages, PowerPoint slides, videos, and photos in real time and enables you to communicate your ideas to others effectively and make your video look more professional. FineShare collaborates with Unsplash to provide millions of stunning backgrounds and offers different free themes. You can start your video calls, online courses, product demos, and tutorial recordings in seconds. With FineShare FineCam, you can capture everything and record all the highlights without lag.The segment recording and project saving features enable you to record video in smaller segments, breaking free from the constraints of lengthy, uninterrupted video recordings. Furthermore, it's compatible with all your favorite video calling, video editing, and streaming applications, such as Zoom, Microsoft Teams, Twitch, OBS, Adobe Premiere Pro, YouTube, etc. By using FineShare FineCam AI virtual camera, you can say goodbye to low-quality video and embrace a seamless, professional video experience.;Video content creators;Video conferencing users;Professionals working from home;Online teachers; Real-time ai background removal.; Ai audio enhancer.; Video enhancement.; Smart portrait mode.; Online Teaching: Teachers can use FineCam to make their online classes more engaging and interactive..; Online Meetings: Remote teams can use FineCam to collaborate effectively and stay connected, no matter where they are located..; Product Demo: Salespersons can use FineCam to deliver dynamic and effective product demos to potential customers..; Telemedicine: Doctors can use FineCam to deliver high-quality virtual consultations to patients who are unable to visit in-person. .;Video;;https://statics.topai.tools/img/tools/finecam.webp
freebeat;Video generation;https://freebeat.ai;Freebeat.ai is an AI-driven tool for creating dance and lyric videos, allowing users to synchronize choreography to songs from Spotify, Apple Music, and YouTube. It features customizable 3D avatars and backgrounds for personalized visual experiences..;Freebeat.ai is an AI-powered dance and lyric video maker designed to transform popular music into engaging visual experiences. Users can connect their favorite songs directly from apps like Spotify, Apple Music, and YouTube, allowing for seamless integration of personal music libraries. With features to explore various dance styles such as K-pop, hip hop, and jazz, the tool generates captivating choreography synchronized to selected tracks. Users can personalize their video by creating a 3D avatar, adjusting facial features and clothing, and selecting custom backgrounds or images.;Dancers;Choreographers;Music enthusiasts;Content creators; AI-powered video creation.; Integration with Spotify, Apple Music, and YouTube.; Choreography generation synchronized to music.; 3D avatar personalization.; Create personalized dance videos for social media using Freebeat.ai, effortlessly syncing choreography to your favorite songs from Spotify or Apple Music.; Develop engaging lyric videos for your music covers, integrating custom backgrounds and 3D avatars to add a unique visual flair.; Explore and share various dance styles such as K-pop and hip hop, bringing your artistic expressions to life while captivating audiences worldwide.;;Video generation;;https://statics.topai.tools/img/tools/freebeat.webp
